tool_id,method_or_policy_basis,source_ids,owner_role,reviewer_role,review_cadence,implementation_gate
margin-calculator,Gross profit = revenue - direct cost; margin = gross profit / revenue,method-business-metrics-v1,domain-engine-owner,domain-engine-reviewer,annual,Independent fixtures and zero-revenue handling
markup-calculator,Markup = selling price - cost divided by cost,method-business-metrics-v1,domain-engine-owner,domain-engine-reviewer,annual,Independent fixtures and zero-cost handling
break-even-calculator,Contribution per unit = price - variable cost; units = fixed cost / contribution,method-business-metrics-v1,domain-engine-owner,domain-engine-reviewer,annual,Single-product scope and non-positive contribution rejection
roi-calculator,ROI = final value - cost divided by cost,method-business-metrics-v1,domain-engine-owner,domain-engine-reviewer,annual,Preserve current tests and time-value limitation
pricing-calculator,Cost-plus and target-margin scenarios with explicit discount and user-selected tax treatment,method-business-metrics-v1,domain-engine-owner,business-domain-reviewer,annual,No GST-rate inference and all assumptions visible
cash-flow-planner,Opening cash + period inflows - period outflows = closing cash,method-business-metrics-v1,domain-engine-owner,business-domain-reviewer,annual,Forecast label; monthly reconciliation; no statutory statement claim
runway-calculator,Runway months = available cash / positive net monthly burn,method-startup-metrics-v1,startup-metrics-owner,business-domain-reviewer,annual,Non-positive burn states and scenario label
gst-calculator,Exclusive and inclusive GST arithmetic resolved through effective-dated supported policy,gst-cbic-notification-09-2025-ctr;gst-council-56th-meeting-2025;gst-pib-current-summary-2026;gst-council-april-2026-rate-update,gst-policy-owner,ca-tax-reviewer,monthly,Existing live scope only; new scope requires named CA sign-off
income-tax-calculator,Applicable-period individual regime calculation with rebate surcharge cess and supported deductions,it-individual-ay-2026-27;it-tds-transition-2026,income-tax-policy-owner,ca-tax-reviewer,monthly,Named CA; Act/date resolver; signed golden fixtures; kill switch
tds-calculator,Applicable payment or credit date + payment type + payee facts + threshold + rate,it-tds-transition-2026;it-tds-rates-ay-2026-27,income-tax-policy-owner,ca-tax-reviewer,monthly,Named CA; old/new Act mapping; unsupported-case stop
hra-calculator,Lowest of actual HRA; rent paid reduced by 10% of basic salary plus eligible DA and turnover-based commission; and 40% or 50% of that salary base for named Rule 2A cities for AY 2026-27,income-tax-hra-rule-2a;income-tax-hra-allowances-guidance;income-tax-hra-itr4-ay-2026-27;income-tax-regime-faq-hra,income-tax-policy-owner,income-tax-payroll-reviewer,monthly,Old-regime section 10(13A) illustration only; rented stable period required; own-house/no-rent and changing periods stop; no return-acceptance claim
corporate-tax-calculator,Entity and regime scenario with surcharge cess and MAT warning,it-domestic-company-ay-2026-27;it-tds-transition-2026,income-tax-policy-owner,ca-tax-reviewer,monthly,Named CA; no eligibility inference; signed cases
presumptive-tax-calculator,Eligibility questionnaire and supported 44AD 44ADA or 44AE estimation,it-presumptive-ay-2026-27;it-tds-transition-2026,income-tax-policy-owner,ca-tax-reviewer,monthly,Named CA; entity/activity/payment-mode gates; signed cases
burn-rate-calculator,Gross burn and net burn calculated over an explicit consistent period,method-startup-metrics-v1,startup-metrics-owner,business-domain-reviewer,annual,One-off item disclosure and monthly normalization tests
cac-calculator,Blended total attributed acquisition cost / all new customers; paid-channel spend / paid-channel customers,method-startup-metrics-v1,startup-metrics-owner,startup-metrics-reviewer,annual,Attribution window; paid spend must be separate; signed golden fixtures
ltv-calculator,ARPU × gross margin / churn as a labelled simple subscription scenario,method-startup-metrics-v1,startup-metrics-owner,startup-metrics-reviewer,annual,Zero or unstable churn warning and scenario range
startup-valuation-calculator,User-selected revenue multiple and pre/post-money scenarios; no definitive fair value,method-startup-metrics-v1;indiacode-companies-section-62;startup-india-playbook-2026,corporate-policy-owner,corporate-legal-reviewer,quarterly,Named corporate reviewer; registered-valuation exclusion
equity-dilution-calculator,Post-money ownership and option-pool scenario arithmetic,method-startup-metrics-v1;indiacode-companies-section-62,corporate-policy-owner,corporate-legal-reviewer,quarterly,Named corporate reviewer; cap table must reconcile to 100 percent
saas-metrics-calculator,MRR ARR ARPU churn GRR NRR CAC payback LTV-to-CAC and Rule of 40 with annualized growth/monthly churn normalization,method-startup-metrics-v1,startup-metrics-owner,startup-metrics-reviewer,annual,Definition sheet; one- and multi-month reconciliation fixtures; signed golden fixtures
emi-calculator,Fixed-rate amortizing-payment formula plus fees and rate-reset scenarios,rbi-emi-reset-faq;method-finance-v1,finance-method-owner,finance-method-reviewer,quarterly,APR and fixed/floating assumptions; amortization reconciliation
sip-calculator,Periodic-contribution future-value illustration using user-assumed rate and frequency,sebi-sip-calculator;method-finance-v1,finance-method-owner,finance-method-reviewer,quarterly,No-guarantee wording and timing-convention fixtures
fd-calculator,Principal compounded at user-entered nominal rate and declared frequency,method-finance-v1,finance-method-owner,finance-method-reviewer,annual,Bank-specific rules and tax excluded unless separately supported
cagr-calculator,CAGR = ending / beginning raised to 1 / years minus 1,method-finance-v1,domain-engine-owner,domain-engine-reviewer,annual,Preserve current tests and irregular-cash-flow limitation
xirr-calculator,Rate solves dated discounted cash flows to zero using declared day-count and convergence rules,method-finance-v1,finance-method-owner,finance-method-reviewer,annual,Positive and negative flow requirement; cross-product fixtures; no-solution state
loan-comparison,Compare EMI nominal annual interest rate fees total cost rate type reset and prepayment assumptions; do not calculate APR without dated fee cash flows,rbi-emi-reset-faq;method-finance-v1,finance-method-owner,finance-method-reviewer,quarterly,No lender ranking or scraped rates; full-cost comparison fixtures; APR terminology boundary
amazon-fees-calculator,Effective-dated Amazon category-aware verified closing examples by price/fulfilment with referral and shipping overrides,amazon-india-fees-2026,marketplace-policy-owner,marketplace-policy-reviewer,weekly-monitor-monthly-review,Versioned snapshot; effectiveTo resolver; changed-page review; stale calculation block; category override; signed golden fixtures
flipkart-fees-calculator,Effective-dated Flipkart fixed bands with category commission and payment-mode collection dashboard overrides,flipkart-seller-fees-2026,marketplace-policy-owner,marketplace-policy-reviewer,weekly-monitor-monthly-review,Versioned snapshot; effectiveTo resolver; seller-dashboard caveat; stale calculation block; signed golden fixtures
marketplace-margin-calculator,Sale proceeds - product platform payment shipping return and tax costs,method-business-metrics-v1,domain-engine-owner,ecommerce-domain-reviewer,annual,Cost inclusion checklist and contribution reconciliation
roas-calculator,Attributed revenue / ad spend plus contribution ROAS and break-even scenario,method-business-metrics-v1,domain-engine-owner,ecommerce-domain-reviewer,annual,Attributed-versus-collected revenue distinction and zero-spend handling
cod-cost-calculator,Expected COD contribution includes collection forward freight RTO return loss and cash-cycle assumptions,method-business-metrics-v1,domain-engine-owner,ecommerce-domain-reviewer,annual,All rates user-entered; RTO probability bounds; expected-value label
ctc-calculator,Configurable employer compensation components with payroll-policy assumptions,epfo-faq-2026;labour-codes-faq-2026;method-business-metrics-v1,payroll-policy-owner,payroll-labour-reviewer,quarterly,Named payroll reviewer; editable policy assumptions; no universal structure
in-hand-salary-calculator,CTC to periodic take-home using supported employee deductions and estimated TDS,it-individual-ay-2026-27;it-tds-transition-2026;epfo-faq-2026,payroll-policy-owner,payroll-labour-reviewer,monthly,Named payroll and CA reviewers; state and regime required
pf-calculator,EPF EPS and supported employer components resolved by applicable wage and establishment facts,epfo-faq-2026,payroll-policy-owner,payroll-labour-reviewer,quarterly,Named payroll reviewer; effective policy; exception handling
gratuity-calculator,Eligibility event + service + applicable last-drawn wage method and cap,labour-codes-faq-2026,payroll-policy-owner,payroll-labour-reviewer,quarterly,Named labour reviewer; employment type; effective law version
esop-calculator,Grant vesting exercised/allotted shares exercise-date FMV ownership dilution and separate tax-event scenarios,it-perquisites-2026;indiacode-companies-section-62;startup-india-playbook-2026,corporate-policy-owner,corporate-legal-reviewer,quarterly,Named legal and tax reviewers; exercised shares/date required for tax illustration; FMV and plan-term limitations; signed golden fixtures
invoice-generator,User-authored non-GST commercial document with item totals and explicit document status,method-documents-v1,document-standards-owner,document-standards-reviewer,annual,No GST or filing claim; PDF and print verification
quotation-generator,User-authored quotation with validity line items terms and explicit non-invoice label,method-documents-v1,document-standards-owner,document-standards-reviewer,annual,Quotation label and conversion audit tests
gst-invoice-generator,Existing line-item GST arithmetic and supported Rule 46 particulars,cbic-cgst-rule-46;gst-cbic-notification-09-2025-ctr;gst-council-56th-meeting-2025,gst-policy-owner,ca-tax-reviewer,quarterly,Existing live scope only; new scope requires named CA sign-off
url-qr,Validated URL payload rendered locally as QR,whatwg-url-standard;denso-qr-overview,technical-standards-owner,security-reviewer,annual,Scheme validation; no URL fetch; scan-quality tests
business-card-generator,User-authored card layout with optional validated QR and local assets,method-documents-v1;denso-qr-overview,document-standards-owner,document-standards-reviewer,annual,Print safe area; accessible preview; asset limits
invoice-number-generator,User-defined prefix financial year and sequence under declared local or cloud mode,method-documents-v1;cbic-cgst-rule-46,document-standards-owner,document-standards-reviewer,quarterly,Local collision warning; atomic storage required for cross-device mode
business-name-generator,AI produces editable candidates from a structured naming brief without availability claims,method-ai-v1;meity-dpdp-rules-2025,ai-product-owner,ai-safety-reviewer,quarterly,Network notice; structured output; trademark/domain non-verification
pricing-assistant,AI explains deterministic pricing scenarios and may not alter numeric engine output,method-ai-v1;method-business-metrics-v1;meity-dpdp-rules-2025,ai-product-owner,ai-safety-reviewer,quarterly,Deterministic numeric authority; prompt-injection and fabrication evaluations
startup-cost-estimator,User-owned deterministic cost worksheet with AI suggestions for missing categories,method-ai-v1;method-startup-metrics-v1;meity-dpdp-rules-2025,ai-product-owner,ai-safety-reviewer,quarterly,No invented permit or market costs; source-required factual claims
business-plan-assistant,AI drafts structured user-reviewable plan sections from supplied facts and assumptions,method-ai-v1;meity-dpdp-rules-2025,ai-product-owner,ai-safety-reviewer,quarterly,No fabricated market statistics; user approval before export
upi-standee,Validated UPI deep-link payload rendered locally with user verification warning,npci-upi-deep-linking;denso-qr-overview,technical-standards-owner,security-reviewer,annual,No ownership verification claim; encoding and scan tests
letterhead-generator,User-authored local document with validated logo and PDF or print output,method-documents-v1,document-standards-owner,document-standards-reviewer,annual,Local asset processing; print verification; no authenticity claim
payment-receipt-generator,User-authored receipt recording issuer declaration and totals; not bank settlement proof,method-documents-v1,document-standards-owner,document-standards-reviewer,annual,Settlement disclaimer; local processing; PDF and print tests
